{
  "7712508848": {
    "id": 7712508848,
    "email": "Mohamedeldony18@gmail.com",
    "emailPassword": "szpx2wpv",
    "lang": "ar",
    "balance": "01",
    "banned": false,
    "isRegistered": true,
    "registrationDate": "2025-12-02T01:48:47.517Z",
    "lastLogin": "2025-12-02T01:48:47.517Z",
    "loginHistory": [],
    "referrals": 1,
    "orders": 0,
    "awaitEmail": false,
    "awaitPassword": false,
    "awaitEmailRegister": false
  },
  "7492904529": {
    "id": 7492904529,
    "email": "Mohamedeldony12@gmail.com",
    "emailPassword": "nzty1fo8",
    "lang": "ar",
    "balance": 0,
    "banned": false,
    "isRegistered": true,
    "registrationDate": "2025-12-02T01:54:48.442Z",
    "lastLogin": "2025-12-02T01:54:48.442Z",
    "loginHistory": [],
    "awaitEmailRegister": false
  },
  "8343807627": {
    "id": 8343807627,
    "email": "Mohamedeldony18@gmail.com",
    "emailPassword": "m8fsn5vc",
    "lang": "ar",
    "balance": 0,
    "banned": false,
    "isRegistered": true,
    "awaitEmailRegister": false,
    "registrationDate": "2025-12-02T02:02:53.811Z",
    "lastLogin": "2025-12-02T02:02:53.811Z",
    "referrer": null,
    "refCount": 0
  },
  "8128585805": {
    "id": 8128585805,
    "email": "Mohamedeldony18@gmail.com",
    "emailPassword": null,
    "lang": "ar",
    "balance": 0,
    "banned": false,
    "isRegistered": true,
    "registrationDate": "2025-12-02T02:44:50.708Z",
    "lastLogin": "2025-12-02T02:44:50.709Z",
    "loginHistory": [],
    "referrer": null,
    "refRewarded": false,
    "referrals": 0,
    "awaitEmailRegister": false
  },
  "8123217296": {
    "id": 8123217296,
    "email": "mohamedeldony3@gmail.com",
    "emailPassword": null,
    "lang": "ar",
    "balance": 0,
    "banned": false,
    "isRegistered": true,
    "registrationDate": "2025-12-02T02:53:39.364Z",
    "lastLogin": "2025-12-02T02:53:39.364Z",
    "loginHistory": [],
    "referrer": 7712508848,
    "refRewarded": true,
    "referrals": 0,
    "awaitEmailRegister": false
  }
}